{
  "timestamp": "2025-09-14T14:26:11.652436",
  "results": {
    "logistic_regression": {
      "accuracy": 0.942,
      "precision": 0.8235294117647058,
      "recall": 0.7473309608540926,
      "f1_score": 0.7835820895522388,
      "roc_auc": 0.9684580334093107,
      "cv_auc_mean": 0.9757958504501086,
      "cv_auc_std": 0.004947242674121956
    },
    "random_forest": {
      "accuracy": 0.9505,
      "precision": 0.864,
      "recall": 0.7686832740213523,
      "f1_score": 0.8135593220338984,
      "roc_auc": 0.9837632158065911,
      "cv_auc_mean": 0.9837663179685446,
      "cv_auc_std": 0.0046108967995948085
    },
    "gradient_boosting": {
      "accuracy": 0.9555,
      "precision": 0.8966942148760331,
      "recall": 0.7722419928825622,
      "f1_score": 0.8298279158699808,
      "roc_auc": 0.9886479145576237,
      "cv_auc_mean": 0.9899841631113556,
      "cv_auc_std": 0.0030542926330989493
    },
    "svm": {
      "accuracy": 0.945,
      "precision": 0.8301158301158301,
      "recall": 0.7651245551601423,
      "f1_score": 0.7962962962962963,
      "roc_auc": 0.9760081484103766,
      "cv_auc_mean": 0.977169707143821,
      "cv_auc_std": 0.004271942140611166
    }
  }
}